primary_theme,theme_label,grok_stock_days,gemini_stock_days,grok_share,gemini_share,gemini_minus_grok_pp
analyst_institutional,analyst revisions / market expectations,1431,1521,0.49773913043478263,0.8380165289256198,34.02773984908372
fundamental_operations,fundamental operations,713,185,0.248,0.10192837465564739,-14.607162534435261
technical_price_action,technical / price action,479,94,0.1666086956521739,0.051790633608815424,-11.481806204335848
sentiment_attention,sentiment / attention,115,3,0.04,0.001652892561983471,-3.834710743801653
valuation,valuation,55,1,0.019130434782608695,0.0005509641873278236,-1.8579470595280871
macro_sector_theme,macro / sector theme,43,5,0.014956521739130434,0.0027548209366391185,-1.2201700802491315
risk_downside,risk / downside,38,3,0.013217391304347827,0.001652892561983471,-1.1564498742364355
firm_specific_catalyst,firm-specific catalyst,1,3,0.00034782608695652176,0.001652892561983471,0.13050664750269494
